Pass,ImageQuality_Correlation_Image_QC_16,ImageQuality_Correlation_Image_QC_30,ImageQuality_Correlation_Image_QC_60,ImageQuality_FocusScore_Image_QC,ImageQuality_LocalFocusScore_Image_QC_16,ImageQuality_LocalFocusScore_Image_QC_30,ImageQuality_LocalFocusScore_Image_QC_60,ImageQuality_MADIntensity_Image_QC,ImageQuality_MaxIntensity_Image_QC,ImageQuality_MeanIntensity_Image_QC,ImageQuality_MedianIntensity_Image_QC,ImageQuality_MinIntensity_Image_QC,ImageQuality_PercentMaximal_Image_QC,ImageQuality_PercentMinimal_Image_QC,ImageQuality_PowerLogLogSlope_Image_QC,ImageQuality_Scaling_Image_QC,ImageQuality_StdIntensity_Image_QC,ImageQuality_ThresholdOtsu_Image_QC_2W,ImageQuality_TotalArea_Image_QC,ImageQuality_TotalIntensity_Image_QC
0,0.5017706253262790,0.37143948135844500,0.32862211285571400,0.020501887550959800,0.010419566833678300,0.008475516503287750,0.004910220761782900,0.018371865,0.30658427,0.0366504668119023,0.033020522,0.0,1.74160150987098E-06,0.038207253923549500,-2.256047177934230,65535,0.027411744,0.015404816028898100,57418416,2104411.8
0,0.24950721905686500,0.13939064250387600,0.10414380665964400,0.02364215075005540,0.06334547283728740,0.03917973736430340,0.016705353181153900,0.0053101396,0.31213856,0.018392254883521900,0.009582666,0.0,1.74436103026288E-06,0.034576724341870900,-2.1184127897673200,65535,0.020852637,0.01370093677240190,57327582,1054383.5
1,0.09952998501960440,0.03233889818621520,0.0110710699078209,0.005122589843709200,0.045762037184276600,0.04862678738764330,0.030980322748232600,0.0017700465,0.28912795,0.007808496899345060,0.0058594644,0.0,1.74343955029581E-06,0.060258501176874,-1.828301081352120,65535,0.006324534,0.007904113721440040,57357882,447878.84
1,0.30569570697926600,0.25149346597199400,0.18940809185409200,0.005389447982387720,0.03716145099143980,0.03832442220804610,0.022802653312661700,0.0015869383,0.30969712,0.0077447418110762100,0.005676356,0.0,1.74390114173208E-06,0.051000388889954600,-1.708099412034180,65535,0.006460641,0.008056531294808800,57342700,444104.4
0,0.1526511488606160,0.08392870997609590,0.06510634089202410,0.025094156783323100,0.11492964752156600,0.06520694501876730,0.024052249315734500,0.0043945983,0.35663387,0.016516913692734100,0.008789197,0.0,1.7448218920709E-06,0.041741374124012200,-1.9462496012749700,65535,0.020358734,0.013426692353659800,57312440,946624.6
0,0.5105663465250320,0.4282303778568500,0.3918214588561680,0.02593136044751840,0.020618792400198100,0.015988222956105300,0.008935043550615390,0.022400245,0.34473184,0.03570455521206980,0.02978561,0.0,1.74482268361615E-06,0.03816974102678700,-2.152280120050680,65535,0.030428074,0.017269329392252700,57312414,2046314.2
1,0.04551238120430670,0.033907225789283200,0.02242403365857920,0.031906862785423900,0.3796495454964040,0.18919228332736300,0.04866106410203660,0.0025024796,0.43646905,0.013420516892917800,0.0067750057,0.0,1.74320924124029E-06,0.057048265628829600,-1.4900937957668300,65535,0.020693153,0.013029454553336200,57365460,769874.1
1,0.3499054986006820,0.3321602632877450,0.3029900259883390,0.025519343846271400,0.4239869604218940,0.3161847026782680,0.144112910221236,0.0017090105,0.41339743,0.009874921515329850,0.0058594644,0.0,1.74182972558884E-06,0.04456645535891590,-1.6079464771208100,65535,0.015874555,0.010283450673604600,57410893,566928.06
0,0.42560356278185100,0.34754052111583400,0.3196311908496060,0.02646746998962410,0.01908438641462560,0.013303874548728900,0.007147679336186670,0.022766463,0.33197528,0.03899079577676510,0.03356985,0.0,1.73884405472699E-06,0.040968904773422500,-1.9596660667529400,65535,0.032124564,0.016840540997305000,57509470,2242340.0
1,0.13862119030031200,0.12126116990424000,0.11718881967129900,0.04182057551853540,0.030753907570089900,0.020361786341684800,0.01045815524779880,0.019897765,0.52637523,0.03802421883909230,0.025635157,0.0,1.73838549880538E-06,0.06273659426638740,-1.2622102910833300,65535,0.039877247,0.01888768786952160,57524640,2187329.5
1,0.10051818530089600,0.09456892210581000,0.08265161995009640,0.04369728452235080,0.05364288724564750,0.033225980816993200,0.012848255596714800,0.0081178,0.4659495,0.02608586834176880,0.012512398,0.0,1.73930327615513E-06,0.038502956624246100,-1.2747252433146600,65535,0.033762135,0.016905233481088900,57494286,1499788.4
1,0.06302749105678900,0.05905246842226000,0.04936922590322360,0.037504640371792300,0.31877930520791000,0.12421352482083900,0.02996020130101510,0.0031128405,0.41522852,0.015762582588262700,0.0073243305,0.0,1.73976243752687E-06,0.04491022756231860,-1.3548284691654100,65535,0.024313988,0.013578850849500500,57479112,906019.25
1,0.15999887469354300,0.1326727510969180,0.12123155468484000,0.03298308513354380,0.025824784668236500,0.016939209578498000,0.008522403999654120,0.018249791,0.39722285,0.03460083790905050,0.025146868,0.0,1.74252183684803E-06,0.06094992880927040,-1.4698944423357800,65535,0.03378228,0.01772885854906860,57388090,1985676.0
1,0.041684076885025300,0.05349982849038810,0.04112977749476640,0.04392529584303280,0.06198294557368710,0.03594983981401750,0.012611487873566600,0.0067750057,0.47687495,0.024368548125813400,0.011352712,0.0,1.74367025465764E-06,0.06384448637428930,-1.2880455790367800,65535,0.032716904,0.017576700954197600,57350293,1397543.4
1,0.037378023078261500,0.03940128703761830,0.023487646888543100,0.03621650865362060,0.27828500122607600,0.10732204210317100,0.023956040596997800,0.0029297322,0.41229877,0.01511303288338810,0.0072022583,0.0,1.74528604348157E-06,0.051360277687575600,-1.390563512065580,65535,0.023395326,0.013669904681672300,57297198,865934.44
1,0.09741065604724710,0.08613401983767570,0.07461577454060030,0.03745428988593010,0.07754749372014910,0.04111519050426120,0.014907998305594500,0.006347753,0.44037536,0.022779410178948000,0.010742351,0.0,1.74597697223987E-06,0.034970172776992400,-1.451500951934290,65535,0.029209359,0.015776382169584100,57274524,1304679.9
1,0.10348962446667600,0.08192655771831890,0.0737742041346544,0.030710935701168000,0.025074103707484700,0.015874903705679500,0.008118735469218770,0.017090105,0.4732738,0.033846769132466200,0.025329977,0.0,1.7450551549985E-06,0.035459520749569600,-1.501483337337250,65535,0.032240752,0.01690523348392300,57304779,1939581.6
1,0.15207147168493300,0.11796784712534400,0.10251353635379600,0.0296042164221583,0.028680591004383800,0.01804586050035440,0.00932724700976628,0.015930418,0.431281,0.030913452748396900,0.022217136,0.0,1.74459298296789E-06,0.03805480673747850,-1.6386002672480200,65535,0.030251753,0.01660002311790430,57319960,1771957.9
1,0.043250523165186400,0.046463316956819900,0.03448275860021030,0.03863529801873080,0.16705986336560700,0.06794167175420970,0.02087923267522010,0.0033569848,0.45270467,0.01699611302083770,0.007568475,0.0,1.74298136264889E-06,0.04416889071088540,-1.3144811815497600,65535,0.025625182,0.014311366202986600,57372960,975117.3
1,0.04131392254523540,0.013586175532506200,0.0054016428246798400,0.006312706451246650,0.14990292777217500,0.13463686432441000,0.07208532416033060,0.0010376135,0.27881286,0.006762090336631640,0.0050659953,0.0,1.74528330206484E-06,0.04457104496813180,-1.4832827888288000,65535,0.0065335357,0.0076594820647317700,57297288,387449.44
0,0.23122367958218100,0.11654372797334700,0.055564608901218500,0.001824464930261620,0.006995583720459520,0.004354381012765490,0.0020212167209548000,0.00073243305,0.09662013,0.005750120465972110,0.0046387427,0.0,1.74297868922704E-06,0.054213609149717800,-1.3707697921565100,65535,0.0032389648,0.006804909185312400,57373048,329901.94
1,0.06321195777337400,0.03349195566218520,0.024212173349470800,0.005864385671657,0.0935774754777653,0.057760193432999700,0.02978677763997990,0.0013427939,0.25799954,0.0074593059701806900,0.005432212,0.0,1.74067997295819E-06,0.0477346668984324,-1.4463228414394100,65535,0.0066139433,0.008514042907547370,57448814,428528.28
0,0.08965803991644290,0.03754628765941240,0.01448497169924570,0.0029536051003921200,0.018334785259797100,0.01444851863825390,0.005613625926262640,0.0009155413,0.24603647,0.00638663652587704,0.004882887,0.0,1.73976159003075E-06,0.044558773843867500,-1.471929954046900,65535,0.0043432247,0.007446152725489670,57479140,367098.38
1,0.0252113313099066,0.015417436806188700,0.007588373362320620,0.015561052734324900,0.39013034469289100,0.20196243204240100,0.08680342774511240,0.0016479744,0.37476158,0.009046316138434170,0.0059205005,0.0,1.7406797911602E-06,0.03851254037941950,-1.3357232728771300,65535,0.011864662,0.009856147156410560,57448820,519700.2
1,0.12231252648763600,0.1145997670622030,0.10056537159634500,0.03882975841288280,0.040866690818506500,0.02377207158510110,0.0113146044989569,0.009033341,0.46045625,0.027379688065162900,0.013550011,0.0,1.74113919464164E-06,0.025537288567808900,-1.3454073779321500,65535,0.03260593,0.017271488482063800,57433662,1572515.8
0,0.6150551166009340,0.4648821105340350,0.30002809336595300,0.2232683278651890,0.12124001146963700,0.08462755408979050,0.06505612824217400,0.01980621,1.0,0.0988140913847227,0.023102159,0.0,0.03544832229418790,0.07844123475839220,-1.659359906778400,65535,0.14853302,0.036029535978360900,32884490,3249451.0
0,0.6001266763325060,0.4582669080685280,0.2925758932808750,0.17420571455377100,0.09831638573964820,0.06654784858722220,0.05010130454441720,0.018585488,1.0,0.07863253690378420,0.021866178,0.0,0.009105504561390210,0.08960982381622900,-1.6947128113837500,65535,0.117039464,0.030705761302568800,32936121,2589850.8
1,0.5831543484043170,0.4300183946945830,0.2588564424752530,0.16937484717274600,0.12584640842327700,0.0786820806190611,0.055752972046387200,0.01808194,1.0,0.07240888960285310,0.021408407,0.0,0.007764866363522070,0.13435617809451300,-1.7377193902890300,65535,0.11074405,0.02961082801166460,32930380,2384452.2
0,0.4091007546243000,0.3383424557052110,0.25062621141485700,0.05951076064823980,0.050514813633766100,0.023787460173847200,0.014319906351384600,0.012100404,0.96531624,0.03402951720813750,0.015304799,0.0,3.03300847386172E-06,0.10074137645931700,-1.5815715301164700,65535,0.04500136,0.01744687637883450,32970564,1121972.4
1,0.48262729106123900,0.4159089031102660,0.3149049120420850,0.07971475992636190,0.028104194760975100,0.018564249691567600,0.014384642416548600,0.022735942,1.0,0.053058248915055500,0.026016632,0.0,3.03353696455797E-05,0.07216481084986960,-1.5926046946954600,65535,0.0650348,0.021175213337024300,32964820,1749055.6
0,0.471196825485231,0.4029278564845840,0.29589929991527400,0.07204034850395420,0.02325997543198720,0.017220059281251200,0.013047645714614300,0.022186618,1.0,0.05062843456915930,0.025375754,0.0,0.00018491706106040200,0.07831692249992590,-1.5852373578774500,65535,0.0603928,0.020587774860616200,32987762,1670118.8
0,0.4238619845817230,0.3592945755362470,0.2660520276891480,0.07312743153314240,0.02814366916014090,0.020469729607405500,0.015143319143935300,0.024200808,1.0,0.052883645818355200,0.027512016,0.0,0.00016077765421155500,0.08392290195778650,-1.5182313470876500,65535,0.06218718,0.02121256522878720,32964780,1743297.8
1,0.1761120924994940,0.08397525823075520,0.059000852522586500,0.03387328962225520,0.11763785264440400,0.08653155292540070,0.014448323071818800,0.005630579,0.52208745,0.017015905381518100,0.0087281605,0.0,3.0319556298762E-06,0.11756407954845000,-1.6452563401114500,65535,0.024008013,0.010169495854533700,32982013,561218.8
1,0.23690667542404600,0.18727848497118800,0.15773268935445600,0.05480470845845780,0.02586556339733130,0.022271162212304900,0.01825900002321790,0.015625238,1.0,0.03597382494247300,0.018799115,0.0,0.00022121696117109000,0.1566397907251180,-1.379606858309980,65535,0.04440197,0.016813198469906800,32999278,1187110.2
0,0.18273109729765300,0.11918935465693200,0.1007347379680790,0.04470183572784810,0.037144839013750000,0.02343185511344470,0.015834497016986300,0.012512399,1.0,0.02921509493660890,0.015701534,0.0,6.98930259887797E-05,0.12316974475553100,-1.512542585432580,65535,0.036138184,0.01524978508329060,32907432,961393.75
1,0.13697867133326200,0.10304729411457800,0.08402879035641270,0.08368006806315170,0.6432889073771070,0.1664743502088820,0.06724627030793770,0.010315099,1.0,0.030252673222344800,0.01373312,0.0,0.0002250302346365930,0.08412481636468520,-1.2961223207391600,65535,0.050314467,0.01585306391520930,32884470,994843.1
1,0.27613079545001800,0.2203386771671220,0.19058715376098300,0.0757603175945327,0.5064858955246440,0.24528005204900300,0.056182410248295000,0.007904174,1.0,0.025830457491039700,0.011139086,0.0,0.00017047139541735100,0.07287956567297880,-1.491003361156690,65535,0.04423713,0.015181624216413600,32850086,848532.75
1,0.17370033555190900,0.0903432438278801,0.05559225499096340,0.04482175900187580,0.1611990921694010,0.11262122793596800,0.030889165700433600,0.0065003433,1.0,0.019879642424345500,0.00952163,0.0,0.00016392526950528600,0.14541385666374400,-1.6286734614992300,65535,0.029850302,0.01292349082267570,32941840,654872.0
1,0.1095698309548250,0.06643350333921520,0.04542714805081660,0.08127162425901600,0.7345586419524830,0.191555325392285,0.06994279891438910,0.009521629,1.0,0.028578532319726300,0.012863356,0.0,0.0004041640935392520,0.11195345391037300,-1.3203101748488000,65535,0.048193607,0.015692924968276200,32907426,940445.94
0,0.562834101050384,0.4835833710553280,0.39129251729335000,0.08297657172228830,0.49158362460567800,0.2419250945634070,0.07969057334522190,0.00421149,0.9259785,0.025120244232357000,0.008789197,0.0,1.58700025877626E-06,0.029273806773386900,-1.866154699690130,65535,0.04565514,0.017971992744466300,63011962,1582875.9
0,0.6858517373133570,0.6254756816955820,0.5255288628851700,0.11973295106805900,1.291790631557720,0.9636082194443400,0.12535198267956000,0.0032349126,0.93794155,0.028874044541575300,0.007812619,0.0,1.5851489298937E-06,0.04656533496455730,-1.8919890196007300,65535,0.058797743,0.021627798572791800,63085555,1821535.1
0,0.7346253250950000,0.6753901904477580,0.5962238669036200,0.09949906987843060,0.29715953547376100,0.09209013812247830,0.04344931261865070,0.0066529335,0.77460897,0.03390135282845350,0.011535821,0.0,1.58680620151791E-06,0.043786330324685300,-1.9588442579572600,65535,0.05807885,0.023096336578242500,63019668,2136452.0
1,0.5116912191653630,0.444007622994288,0.36075216020857900,0.12756975962739000,3.1679154902585300,2.257847212655050,0.2539269539619300,0.002746624,1.0,0.028354914003823600,0.0072632944,0.0,3.0114590772826E-05,0.04376284030676310,-1.7432930695669000,65535,0.060143407,0.02251040606231540,63092340,1788977.9
0,0.49341141664472900,0.42310781955850900,0.3330937389320220,0.12513059690309400,4.654693230822920,3.8416832056640100,0.4497365206467420,0.0018921187,0.9748074,0.025517491139009300,0.006347753,0.0,6.34727244611741E-06,0.01662826699071610,-1.7368949026596200,65535,0.056506805,0.021865916010154500,63019195,1608091.8
0,0.4978193156231170,0.44692678439114900,0.37176248787695100,0.08423925665433130,1.2543493150774500,0.7563439851992890,0.12020499057834700,0.004028382,0.8754406,0.024091096371006400,0.0087281605,0.0,1.58583662666669E-06,0.06429933186482750,-1.7052972094003000,65535,0.04504904,0.019434604433796200,63058198,1519141.1
0,0.6192261700947280,0.5682279203358000,0.4830561275480800,0.11276804492705600,2.722830085685730,2.8734772310343800,0.6373583778819660,0.0017700465,0.9781033,0.021407541953044700,0.006225681,0.0,1.58542514855909E-06,0.06430167317525970,-1.8104766326586700,65535,0.049133357,0.020189662616189300,63074564,1350271.4
1,0.4257414154500030,0.3686999943283710,0.30074992158991600,0.08274154833818180,2.394677159822100,1.8487410286611300,0.2979756996454810,0.0017090105,0.857496,0.02152669258950260,0.0061036088,0.0,1.58440921056367E-06,0.03396973347448520,-1.8309225097826100,65535,0.042203695,0.018548546274916700,63115008,1358657.4
0,0.7391386923527370,0.6590867037855110,0.5687754137594600,0.08374884400045220,0.16911354898305100,0.060113438596410800,0.030532364710491300,0.00561532,0.74225986,0.03231204765958800,0.010070954,0.0,1.5875945362934E-06,0.0513332817365109,-2.1634275732751400,65535,0.052020155,0.021114164339162800,62988375,2035283.4
1,0.7872412126399510,0.7188983329002120,0.6286933198339560,0.09627444411055980,0.4189297646486740,0.3770703950216310,0.06543025901891290,0.0033569848,0.7654536,0.02706684758243060,0.007629511,0.0,1.58576555940481E-06,0.05042734478907290,-2.17375085936962,65535,0.051047485,0.020317592141961700,63061024,1706863.1
1,0.6625760600867300,0.6001282651797830,0.5557414827131950,0.004536543711263810,0.011425999559688500,0.02687394665791180,0.028469624342661700,0.0011596857,0.1432517,0.006498703786663080,0.004943923,0.0,1.58830209156355E-06,0.08746303127613010,-2.1606456776746600,65535,0.005429701,0.007446153139792010,62960315,409160.44
0,0.7498178582049750,0.679758419045869,0.5791321262784140,0.1437956935129730,1.6616275976109100,1.6338328766137900,0.2439721882498290,0.0033569848,1.0,0.030090338741315500,0.007812619,0.0,1.58708984936216E-06,0.09372400396423300,-2.098019156060910,65535,0.06577888,0.023974054284406000,63008405,1895944.2
0,0.746350514031404,0.6768788743436190,0.584773924745238,0.12316279284032700,0.9772817586229090,0.8959254407715940,0.13220028712765200,0.003418021,1.0,0.02804357261247170,0.0079957275,0.0,0.0001778629543703710,0.05400681564488900,-2.145724886152220,65535,0.058770098,0.022573372552919300,62969830,1765899.0
0,0.7458935629070610,0.6795464098115040,0.5954963613798280,0.0472762818188495,0.3878386076441870,0.5938961356180420,0.13123870158854900,0.0017700465,0.6463111,0.012901501436442600,0.0058594644,0.0,1.58889729415558E-06,0.0638990935817606,-1.8641530944084400,65535,0.024696862,0.01445924040418100,62936730,811978.3
0,0.7512805230170030,0.6963001648965020,0.6014849170378120,0.11596008644345000,0.7071496592847580,0.5084387825914520,0.15593992175614100,0.0030518044,0.909926,0.02906881923089010,0.0072632944,0.0,1.58727286522117E-06,0.06422423467257890,-1.960745682720950,65535,0.058058787,0.01983212740265120,63001140,1831368.8
1,0.38775662923338100,0.26680697616016200,0.1978844281537630,0.0111844197432495,0.05016449592165230,0.0990420326850289,0.036163934135651400,0.0012817578,0.35022506,0.008858821958028860,0.005493248,0.0,1.58631291148461E-06,0.05827637742921020,-1.81541943670119,65535,0.009953934,0.010465508216404200,63039265,558453.6
1,0.3702140990715560,0.28993667726732900,0.2322316893349590,0.030625774885170800,0.4794301948558440,0.43144379210488200,0.1111393174256690,0.0018921187,0.5611658,0.012924518254074900,0.0061036088,0.0,1.58692999378939E-06,0.060630247342717500,-1.730640880736800,65535,0.019895311,0.01348676818774770,63014752,814435.3
0,0.5562713069467810,0.4810334843022530,0.4007400494903380,0.04195806111720660,0.19492786604976600,0.10866179809219400,0.06104024236265840,0.0033569848,0.8111086,0.01634477585732170,0.007873655,0.0,1.58837172123346E-06,0.052792710898636400,-1.7877947825608100,65535,0.02618769,0.014037105171642300,62957555,1029027.1
0,0.5232118742483430,0.4103101881493480,0.3116685041155670,0.04665546125757830,0.4316251547008100,0.42213865808995600,0.09913697832657730,0.003479057,0.73890287,0.018669013432346000,0.007873655,0.0,1.58736498111575E-06,0.07888410273654740,-2.0967615218718700,65535,0.029512903,0.01608066391050510,62997484,1176100.9
0,0.3317228024266410,0.19733982615254900,0.13284460870966700,0.016045191388254600,0.02627895503603710,0.016146021283954700,0.006984449255191210,0.004272526,0.3867857,0.015108211235397500,0.008789197,0.0,1.58629006300474E-06,0.03194153670866350,-2.3289591191227300,65535,0.015569654,0.012511804406631400,63040173,952424.25
0,0.8381523843856440,0.794787383123289,0.7295850678339710,0.2214893007697260,0.488670518029918,0.2654958925692970,0.155096440188868,0.05552758,1.0,0.16979878082213800,0.06083772,0.0,0.08104930602951700,0.19574520679160200,-1.3162344978984100,65535,0.1939294,0.05820981805316630,33010770,5605188.5
0,0.8918350917775420,0.8551848801271820,0.7988674677159460,0.22298383206906200,0.3171556083799870,0.1667784010136890,0.09458769964331470,0.07296865,1.0,0.1698832071275270,0.07747006,0.0,0.06848332481496410,0.24037498521937200,-1.5577594297446400,65535,0.19463095,0.04783265604472560,32999274,5606022.5
0,0.9015410051179220,0.8703603485859440,0.8241194529762390,0.2580137563921390,0.5223429557996660,0.2875031341009730,0.13898777973149300,0.03263905,1.0,0.15788003696061400,0.036560617,0.0,0.10977460213645900,0.23484429764822000,-1.5957202086452600,65535,0.20182969,0.05012295865699470,32964820,5204487.0
0,0.9167823590241250,0.8831446434545100,0.8213851470054610,0.26309831573581400,0.3123426550967790,0.15070101715821800,0.0914972851637255,0.028946364,1.0,0.15344152320919600,0.03276112,0.0,0.05209189359493580,0.20694181209290300,-1.5286214613546400,65535,0.20092338,0.04758717421820370,32964822,5058172.5
0,0.80806827953783,0.7676660310069100,0.7080971622420400,0.21167665784696300,0.44365620702113200,0.2429974348208240,0.14169456255616500,0.047196154,1.0,0.15282256227061000,0.052460518,0.0,0.07613094461877510,0.23477671972856500,-1.2359882268101900,65535,0.1798582,0.05448889664292400,33004976,5043905.0
0,0.7811793572543160,0.7432262448354900,0.6844170865021790,0.21422228188722800,0.85663951966159,0.478738373183855,0.26518537304362900,0.060151063,1.0,0.16136037725777200,0.06552224,0.0,0.14286381547659500,0.223666204031718,-1.217497707912290,65535,0.185922,0.05301970781539270,32970560,5320142.0
0,0.8774843709330250,0.8313179108937320,0.7558746400678890,0.16531104979644600,0.023297721381266000,0.0223975718782852,0.03308411730081820,0.05037003,1.0,0.13316367603876200,0.0552224,0.0,0.0009287475784272700,0.20695288360340500,-1.5415198685089900,65535,0.14836922,0.04655529782503920,32947596,4387423.0
0,0.8209441251203780,0.7862735928736700,0.7386322294221020,0.22637864998470700,0.5930863135068910,0.3230720482897520,0.18151574365099000,0.044220645,1.0,0.1558698998879820,0.04864576,0.0,0.07796334120976680,0.22926004002538900,-1.2667567032059800,65535,0.18784466,0.051014284600971800,32959080,5137328.5
0,0.8610683800690310,0.8291292178425160,0.7788965366286670,0.23221226891103000,0.42016756358900000,0.1948887039738750,0.10622156014057900,0.0542916,1.0,0.16604980320508200,0.058548868,0.0,0.06843685894329350,0.26253338652670900,-1.2545277599150900,65535,0.19636396,0.049199652658949000,33056748,5489066.5
0,0.8690877254628330,0.838567825804484,0.7946183633764770,0.23570595707599500,0.4228826629419070,0.20270546333397700,0.11226079082327700,0.04274052,1.0,0.161089958934257,0.04679942,0.0,0.08211938560203290,0.2792954540298120,-1.332131221440560,65535,0.19485857,0.04885250473155510,33056750,5325110.5
0,0.824045819421434,0.7881906196913030,0.7379522305440890,0.20876706820419500,0.3821708529696290,0.18456748051537200,0.10510523792123100,0.07248035,1.0,0.1594943718116760,0.0771191,0.0,0.07610891147095320,0.27376629091939800,-1.2085950054368800,65535,0.18247513,0.04634211364950880,33039495,5269613.5
0,0.775347372816185,0.7365360494747320,0.685391578369343,0.1974295025743890,0.42480380466264600,0.20358571325906200,0.12918252249240900,0.05981537,1.0,0.15256828840277100,0.06474403,0.0,0.10006958942240800,0.22350912226559000,-1.1148695241197300,65535,0.17355542,0.05088981105341490,33051000,5042534.5
0,0.8640764845252960,0.8290240404400010,0.7800998891238850,0.22624828971328300,0.4218899070744500,0.18638132634307600,0.09406021521781640,0.03825437,1.0,0.14816074871902900,0.042374305,0.0,0.06661776401079250,0.22911317938680400,-1.4164449642366800,65535,0.18308772,0.04869664452984120,33045240,4896007.5
0,0.81141773204418,0.7829525851520940,0.7440750752677200,0.275952866347877,2.2715217199626600,1.1253593624756300,0.517728697913299,0.035339892,1.0,0.16517158398311400,0.039658196,0.0,0.283531357155606,0.1956636088633750,-1.3898084897513400,65535,0.21349372,0.053445038700803,33033736,5456234.5
0,0.8109934774725060,0.7826647924439880,0.7407451785114260,0.24992323702663700,0.8558110363479430,0.4141919837389410,0.2325652722371530,0.055146106,1.0,0.17151966330855400,0.059815366,0.0,0.19689313650930100,0.19572017933696800,-1.1327372493995300,65535,0.20704287,0.052042092117103800,32993532,5659039.5
0,0.8851691274828170,0.8504662831527800,0.7948114891018950,0.21144397280328500,0.651663044982938,0.39449746027814100,0.1847923047600010,0.06929122,1.0,0.16697412459444700,0.0736553,0.0,0.03460058428384060,0.27391320138204500,-1.6727634688129200,65535,0.18789804,0.04822837297081210,32958981,5503297.0
0,0.7761891877093370,0.7324483469441290,0.6749935011941890,0.15498099210266200,0.3792387785930380,0.19866942771097400,0.10456026272726200,0.10560769,1.0,0.15398875322833800,0.11210804,0.0,0.06194926571997880,0.2571357061676420,-1.2603082834002400,65535,0.15448408,0.038469258879685800,32970528,5077090.5
0,0.8872211273085140,0.8573161108137330,0.8099075603651230,0.24218969313055800,0.8897079577116260,0.4835801757047500,0.2419333206811070,0.052506294,1.0,0.17440527869158800,0.05664149,0.0,0.06752984074788030,0.20124171191296200,-1.46202630890049,65535,0.20552167,0.05137218873979000,33016515,5758254.5
0,0.9145903727922540,0.8865791622361690,0.8410660890469430,0.28400004024805000,0.6707980026497670,0.3262808247507630,0.15484563132687700,0.0387274,1.0,0.1699851327745670,0.042694744,0.0,0.2365551386618820,0.21798018849578500,-1.595107585528090,65535,0.2197175,0.04795780373868090,33033736,5615244.0
0,0.8984644127747210,0.8640558504488230,0.8008536680167400,0.2604564048115120,0.8027649215293050,0.3790377039026500,0.19306476684401200,0.036484323,1.0,0.16654369370203000,0.040650036,0.0,0.11733916079728900,0.2402637406449520,-1.4922089239016600,65535,0.20827234,0.053234417004131400,33068244,5507307.5
0,0.886457943041595,0.8559419475744560,0.8063706538654060,0.2609656263951940,0.802569843889795,0.41781523383013000,0.22546059303906900,0.034195468,1.0,0.16879776069804800,0.03825437,0.0,0.1322121093042170,0.22912127122071700,-1.4122586139297100,65535,0.2098819,0.05234722868451540,33056730,5579902.0
0,0.8622103974839370,0.8260706312133280,0.7753129948086070,0.22710292400687800,0.37666920564008700,0.21244577148989700,0.12630245530328900,0.04834058,1.0,0.15760069620849000,0.052933548,0.0,0.1384291161123180,0.22907068270717700,-1.3681678128984600,65535,0.18918663,0.05295272819482790,33079746,5213391.0
0,0.912950057875112,0.8751293494408620,0.7976368021836540,0.25204127582811600,0.19485653686676400,0.09280649717049060,0.060760906283183200,0.05168231,1.0,0.18161966271668400,0.05680934,0.0,0.07733402276606050,0.17897103376988700,-1.4205068635681000,65535,0.21395245,0.05933940294924480,33016516,5996448.5
0,0.14268358426025500,0.10566424667584400,0.09189924495406230,0.04215709827632130,0.030294453253299600,0.016672147749413700,0.012440249913743400,0.015121691,0.7324025,0.032836370702320800,0.018448157,0.0,3.02457503510927E-06,0.4405868207893320,-1.1219343791609100,65535,0.037205994,0.013266560853673400,33062496,1085652.4
1,0.12801356221771900,0.10499872676781300,0.09103742641034080,0.05846949469511250,0.15702161820265700,0.03854400451279360,0.01763266376553640,0.0061188675,0.701854,0.023836119649404300,0.009475852,0.0,3.02615389820369E-06,0.457385004790099,-0.9758752221595150,65535,0.037332103,0.016615051448047000,33045246,787670.44
1,0.1081126868408580,0.05284542203294500,0.028177003773713900,0.026858516464907500,0.257909458409381,0.018671266839461100,0.011378999217276000,0.0016784926,0.56952775,0.011476250322874500,0.004745556,0.0,3.02352328326087E-06,0.462919555806938,-0.9040419192551030,65535,0.017556624,0.010991898778824700,33073997,379565.47
1,0.29714725844576000,0.2637838245370340,0.24231211242244500,0.06200479443234120,0.060037028188824000,0.0310020723111311,0.02063927123445910,0.017196918,1.0,0.04054028456252200,0.021606775,0.0,0.0002328112928110870,0.45177787250812200,-1.0867053731552100,65535,0.050136734,0.017951056360491500,33073997,1340829.2
0,0.35245130976739400,0.30791545169312300,0.28782212889448100,0.10367092687525700,0.0765777116703391,0.04504218642066790,0.031241830809744600,0.020248722,1.0,0.0624441530837323,0.024093995,0.0,0.001303966551013930,0.43537017154074200,-1.0772302005539200,65535,0.080458954,0.026917451200262600,32976306,2059177.5
0,0.2917441853071600,0.2514436997752200,0.2318961552780080,0.1031207794510970,0.06641794199834190,0.03950292476642870,0.027858433493256300,0.017898833,1.0,0.05737834564611850,0.021927215,0.0,0.00036635581930483200,0.468635703039845,-0.990810763559113,65535,0.07692139,0.025722361982296600,33028000,1895092.0
1,0.21926926780265500,0.13875452955842000,0.11055431100160100,0.12041027018449000,0.10572420630749000,0.05184283569189110,0.03504898377972090,0.01713588,1.0,0.05706662284082150,0.021469444,0.0,0.0005712472231037770,0.44615617113236900,-1.2347851119593300,65535,0.08289395,0.028058536351409900,33085500,1888077.8
1,0.18205196716525900,0.1189803302968300,0.09632387595541660,0.13060582421795000,0.13845885044552200,0.05702112110902090,0.037181682790431600,0.01451133,1.0,0.05446575665858540,0.018905928,0.0,0.002300901566402990,0.43509716033069100,-1.1131255256490400,65535,0.08434183,0.029491898544735100,33073992,1801400.0
1,0.13453243261095800,0.08820970997670790,0.07052921157873200,0.13376159936502500,0.28178043666380100,0.09136560846725050,0.04823649885745720,0.013443198,1.0,0.04966004559204290,0.017929351,0.0,0.0032107498689675100,0.5074074208569830,-1.0632520647469700,65535,0.08150219,0.028584231762805900,33045240,1641028.1
1,0.12576952172962600,0.08739114756255150,0.06994979148870270,0.01767004787314930,0.07539071473213950,0.029309082646146400,0.013301405114361800,0.0060425727,0.46155488,0.01675173477989610,0.011169604,0.0,1.58753593784479E-06,0.011025437088332100,-1.5603911480522000,65535,0.017204765,0.013549461046651700,62990700,1055203.5
1,0.24505125202138400,0.07961729572771440,0.07038894788500750,0.007253744444538860,0.023743207571501800,0.02462508772206690,0.011387277922772000,0.0018921187,0.22894636,0.009351423866911350,0.0061036088,0.0,1.58657669803688E-06,0.034639729048239300,-2.023653838747340,65535,0.008236069,0.009490669261709520,63028784,589408.9
1,0.10107958117580900,0.11098633958120700,0.09713933825066210,0.010592529380671300,0.0664599273804338,0.029235170560529800,0.009078260938156300,0.0025635157,0.25171283,0.010578576525995400,0.006836042,0.0,1.58992837611155E-06,0.022945846324041900,-1.4376260921139000,65535,0.01058555,0.010192294571479800,62895915,665349.25
1,0.10048595777681700,0.07153729439522610,0.050102293889714700,0.008262790966842260,0.039020264132038400,0.016078778812165400,0.0060198569772687500,0.0015869383,0.24029908,0.009172094339823500,0.005554284,0.0,1.58889729415558E-06,0.05208564219971390,-1.689638533298690,65535,0.008705579,0.009459806307963850,62936730,577261.6
1,0.09932710637090870,0.08169784509615790,0.0603278268563473,0.007814908813768450,0.0690485608196041,0.026141573108528300,0.008561439962684490,0.0016479744,0.221561,0.008763140514545640,0.0057984283,0.0,1.58910340354644E-06,0.03633167111528220,-1.5191646113388300,65535,0.008275454,0.009489884607818080,62928567,551451.9
1,0.23826031612057300,0.19030859085458700,0.1473926370478270,0.09819889668402170,2.6718587755300200,0.8002136814718780,0.04325050288804620,0.003921569,0.9668422,0.025770528669022000,0.0077973604,0.0,3.02615353189944E-06,0.4796302040384020,-1.3065940412756900,65535,0.05030544,0.023478114803349800,33045250,851593.56
1,0.2705747689097340,0.2037934257177560,0.16955825666367400,0.254655326122036,7.619641264498900,3.4542176322178400,0.16731709000443600,0.0068360413,1.0,0.04934703128119500,0.011184863,0.0,0.07274654307253990,0.46290038193144700,-1.3932023406824000,65535,0.11210033,0.03476201809523280,33068238,1631819.4
1,0.10509647722705700,0.035080373005714400,0.03422436479230420,0.06736002400762620,1.2236672827386500,0.7824780864446270,0.12255859072971600,0.0029297317,1.0,0.01758615049927480,0.0065461206,0.0,0.0001542801674599290,0.4851748254456040,-1.5222288532529400,65535,0.03441807,0.01449426316319550,33056744,581340.9
1,0.15966321110892500,0.08796698124576480,0.05342961630477550,0.006137081077265230,0.13233035214175800,0.1812706796103000,0.009254309441479730,0.0013275351,0.19600214,0.007001491613725220,0.0051728087,0.0,3.02878799383593E-06,0.5130463982758690,-1.342696139782650,65535,0.006555053,0.00843002630098934,33016507,231164.8
1,0.12013121853991200,-1.232958263142E-05,-1.23957870732784E-05,0.0003759985377556840,0.0013131665555803900,0.004775357382750660,0.009623923386221240,0.0007476923,0.13920806,0.004389306382823900,0.0042572673,0.0,3.26906365092494E-06,1.2408254137269700,-1.6880040442426200,65535,0.0012846683,0.004005486235789910,30589799,134268.0
1,0.17615079755197600,0.12324046941652200,0.09327954698631620,0.13202236540251200,3.3602250413152400,0.7404351647093380,0.1099750178314440,0.004882887,1.0,0.029552872469148200,0.008911269,0.0,0.0013949264832982500,0.48497246001474900,-1.2467842172545000,65535,0.062463112,0.023279141818705500,33120025,978791.9
1,0.20572774825674200,0.14973655280348500,0.11536461750442500,0.1357113643026690,3.578626013262150,1.033193902289160,0.12306302124512400,0.0046692607,1.0,0.029706306783993500,0.008712902,0.0,0.001728855701844690,0.45170284428196700,-1.2545871301484400,65535,0.06349397,0.023773547714661000,33085468,982847.06
1,0.10967101149497300,0.06957646373341040,0.048932319499259000,0.09308598585594500,2.407406536834730,1.1009460305767200,0.09210311081336050,0.003936828,1.0,0.022410769361945500,0.0077668424,0.0,0.0002689066774181000,0.45166048966878700,-1.2367961908578700,65535,0.045674156,0.019695702531942700,33096984,741728.9
1,0.23686014478228600,0.17264428653775200,0.13116276845238100,0.11797485765643300,2.2153979433620600,0.6398409915726840,0.09432800109465510,0.004791333,1.0,0.030106980671565100,0.008712902,0.0,0.0007159529914328520,0.4516394598488130,-1.4496110241969600,65535,0.059597537,0.023064730082311800,33102732,996623.3
1,0.29168438350681800,0.25645737113022000,0.2139032306321520,0.06203305169359920,0.29814121290174600,0.03816139899536940,0.018508065425936000,0.0048371106,0.96583503,0.025533122902840500,0.008453499,0.0,3.02773331046789E-06,0.4797261766437750,-1.3385247918334100,65535,0.03979821,0.019098054844638700,33028008,843308.2
1,0.24145863906283600,0.19623343595690400,0.16914706655680700,0.15878881870946400,0.9433312859987470,0.16678522815142900,0.07154779272219560,0.0074464027,1.0,0.046811044587239800,0.011215381,0.0,0.0064025416909902700,0.4519437632220810,-1.2789750815038700,65535,0.08621526,0.025994206275922700,33033756,1546344.6
0,0.28109609853783500,0.2376735530064600,0.2197712744317140,0.14430621296098900,0.7206963941624700,0.14784863820060400,0.0628290279327878,0.007202259,1.0,0.04388882204721320,0.010955978,0.0,0.0015028015128848300,0.4464744518895060,-1.260476577532360,65535,0.07958285,0.02509474093897700,33005024,1448551.6
1,0.3397618835014990,0.3018353638932810,0.25671272430675900,0.16935158317641200,0.6217281459076320,0.10562006450521000,0.050971432572384900,0.007904173,1.0,0.053776522316371300,0.011902037,0.0,0.005343470915030140,0.4409075765628760,-1.2551929143216000,65535,0.09543133,0.02957400597769460,32993536,1774277.6
1,0.2737287207123800,0.2366954417331320,0.2045649463301420,0.16500536995655400,0.5949214696569230,0.14005162786386700,0.059834309802315100,0.00952163,1.0,0.051529224225745000,0.013534753,0.0,0.011524536571276800,0.4520253381096100,-1.271856187765810,65535,0.09220954,0.02803875860724000,33016512,1701315.2
1,0.30557553688692600,0.2695548413299670,0.23033143831931000,0.1698281244643720,0.6119908385935930,0.13744520953454700,0.05424050727799850,0.009933623,1.0,0.05520117855928680,0.014129855,0.0,0.00993918331885317,0.4351452423223660,-1.2223723319095900,65535,0.0968231,0.029654114840693300,33091250,1826676.0
1,0.2819676762370570,0.24509783071004100,0.2057938768392410,0.16000688195640300,0.9673993675504780,0.1549105136776550,0.05476968679469810,0.008682383,1.0,0.04826860694629670,0.012939651,0.0,0.0048834670585366900,0.44626306584303700,-1.152047655745790,65535,0.08788236,0.02871708128803490,33091244,1597268.2
1,0.2842526089391210,0.2480176953530870,0.21328855964507400,0.12978163900709000,1.1357141677260400,0.13309854207874400,0.05504323127093590,0.008712902,1.0,0.042018203516313900,0.012970169,0.0,0.002063990099616680,0.45726295451449300,-1.14189775841834,65535,0.07384573,0.026805373614602200,33091244,1390434.6
1,0.3155473860572440,0.26974475993568600,0.22834900196898000,0.17319218909139600,0.5079497031714660,0.13010996569708000,0.05786261445854980,0.0100709535,1.0,0.05679027611982370,0.014114595,0.0,0.011678848001334700,0.41267076423763900,-1.2635589019205300,65535,0.09917476,0.02967720060222040,33085455,1878932.1
1,0.4424069293612190,0.39577236162302100,0.33170380775704300,0.1676176895885800,1.0654567492223200,0.20504270660136100,0.06965627847299910,0.010009918,1.0,0.05236542474685910,0.014358739,0.0,0.016802135203618600,0.44046007334082200,-1.3291733626891400,65535,0.09368763,0.02968575976961410,33096984,1733137.6
1,0.20683035835365800,0.17748608929490800,0.14614697847742100,0.13152460097215400,1.1469641526023200,0.14600467633852200,0.05521355477709440,0.0074311434,1.0,0.03948359634165530,0.011535821,0.0,0.002127823238338420,0.41817469338112500,-1.164482417257520,65535,0.07206292,0.02515768067720700,33085455,1306332.8
0,0.08463285159535430,0.09303927824640410,0.0795973071772123,0.022628771465112600,0.09271527082550400,0.03094301257264200,0.01009203797921620,0.0032959487,0.32330817,0.014961392104856400,0.0074464027,0.0,1.58616518806463E-06,0.021697153607536000,-1.3165260563619200,65535,0.018399943,0.012846318681701100,63045136,943243.0
0,0.14028113129581100,0.10017866846032800,0.067016233314086,0.012418330405743100,0.06472428364512600,0.03471642672598200,0.012261779310239600,0.0026245518,0.26764324,0.011481504881582500,0.0066529335,0.0,1.58495509901452E-06,0.039354435108530600,-1.809051766969100,65535,0.0119407335,0.010436455976848300,63093270,724405.7
0,0.27552607108409200,0.15617882433257100,0.10034437262009100,0.008656790703508140,0.09562369839572110,0.07950755215311450,0.017810983027119300,0.0010986496,0.17157245,0.008586788714837740,0.005004959,0.0,1.5901116426925E-06,0.046154580540792500,-2.297411484455230,65535,0.008621719,0.009184664227760220,62888666,540011.7
0,0.13129252085711000,0.1022688463473090,0.06826382186649100,0.012074960407372000,0.441248823945753,0.3288161900789350,0.047684507985954500,0.0009155413,0.21911955,0.008507746006371210,0.004760815,0.0,1.587753517398E-06,0.06783676903082950,-1.6902139861298300,65535,0.010135615,0.009458819794013110,62982068,535835.44
0,0.08089671241670880,0.07757665864207580,0.051529067310488100,0.014447121332620900,0.7448170882314770,0.4769615476635140,0.04951197680907270,0.0008545052,0.23749141,0.008518391797214460,0.004760815,0.0,1.58719436350459E-06,0.03593090600101680,-1.4437841593472800,65535,0.011093522,0.009945886494227650,63004256,536694.94
0,0.12371904723030300,0.11564354006249600,0.09844111394417040,0.01954850030854440,0.05469616117409770,0.025164098460116700,0.009511853461253110,0.003479057,0.31067368,0.015106236951708800,0.007568475,0.0,1.58640632533199E-06,0.03748043584229360,-1.2914537989056900,65535,0.01718442,0.01269315996896220,63035553,952230.0
0,0.07064501179566150,0.061680370477609200,0.041533372000833000,0.015480866559745000,0.7930726879623390,0.43582649047253700,0.06459930851324190,0.0008545052,0.25525293,0.008497701327015250,0.004760815,0.0,1.58888588306988E-06,0.07090562141787660,-1.4493501122002700,65535,0.011469603,0.009886151381337730,62937182,534821.4
0,0.09105622384599740,0.07898317013759760,0.0550074916635617,0.015497731200622300,0.8387922547216740,0.6860180101916360,0.07383292902339300,0.00079346914,0.26752117,0.008529700940253910,0.0046387427,0.0,1.58695321328667E-06,0.078470075537386,-1.4667504000279800,65535,0.011497435,0.009855011678781960,63013830,537489.1
0,0.04835810818911120,0.02044010215887710,0.01363076190932520,0.008920498205448870,0.35209368687416400,0.31408250859934000,0.07614937287709670,0.0009155413,0.22565041,0.007141376719683890,0.004760815,0.0,1.58890875589779E-06,0.03628590925843790,-1.4674447581542500,65535,0.007981518,0.008361052499507000,62936276,449451.66
0,0.0444158941460982,0.013868340888677900,0.0064447980805517700,0.006243214590666690,0.26995033595827000,0.35511787917851500,0.09229711087766230,0.00067139696,0.22113374,0.006360349264637500,0.0045166705,0.0,1.58972205267837E-06,0.056768974501144400,-1.4826932416662700,65535,0.0063015097,0.007628533968102250,62904078,400091.9
0,0.26610369090459000,0.24267918539248900,0.22216749612344800,0.019793090435042500,0.041769418102796400,0.023175311193911700,0.011408021011043000,0.007873655,0.2623331,0.02025242356554760,0.012024109,0.0,1.59008873521989E-06,0.09298361896945330,-1.3693954167739300,65535,0.02002144,0.01339571624063970,62889572,1273666.2
0,0.06583856755365260,0.05226321474714570,0.03630388773155970,0.017446146792049400,0.3735685587922630,0.1396162622347210,0.02801322024562410,0.0015259022,0.26086825,0.010006440252021100,0.005554284,0.0,1.58553673391324E-06,0.053608582510340700,-1.3544264152356300,65535,0.013212638,0.010649702558480300,63070125,631107.44
0,0.07006136087527570,0.06383976534025220,0.047046090065607300,0.019442660419366500,0.2988700372913600,0.09751047480722480,0.021001984147882600,0.0017700465,0.28961623,0.011127213864673800,0.0057984283,0.0,1.58595951311804E-06,0.044985741589593300,-1.3393137169669700,65535,0.014708591,0.01119808441098750,63053312,701607.7
0,0.042325577140310400,0.03608672233647450,0.024715282037379800,0.01630870697270090,0.49476787947430100,0.19624959246196600,0.058264880851891800,0.00140383,0.31616694,0.008852360779084670,0.005493248,0.0,1.5880733909696E-06,0.07054698424704250,-1.2974370565901700,65535,0.01201543,0.01000824250166120,62969382,557427.7
0,0.03669298168015870,0.021568972947110600,0.009840781607794360,0.0102030206547841,0.3006992523267550,0.21130103241846900,0.05398949050731260,0.0010986496,0.28815138,0.0076891961060265100,0.0051270314,0.0,1.58911489351532E-06,0.07408612545057760,-1.5412104144204700,65535,0.008857371,0.008849392186874760,62928112,483866.6
0,0.03834594710377440,0.023397929822905900,0.019968380260080500,0.013448010418811000,0.34931162060584700,0.1850444632563590,0.04969080681362910,0.0013427939,0.30572978,0.00861130057633327,0.0053711757,0.0,1.58847388102578E-06,0.07249318250837370,-1.5153281914165000,65535,0.010761267,0.009581888289453320,62953506,542111.56
0,0.04856910151865640,0.017246576883033700,0.013115501454204600,0.0067989193734102100,0.18080545339164200,0.22468835979700800,0.06076031484845830,0.00073243305,0.26172274,0.006847862249169910,0.0046387427,0.0,1.58742419692289E-06,0.03473760370126370,-1.700566104074380,65535,0.006823347,0.008055840870185970,62995134,431382.0
0,0.1695062589107940,0.04820961650280590,0.02395303175568180,0.006170607247677600,0.10848063339620100,0.12530095837470400,0.030392402440126800,0.0006103609,0.21606775,0.006709479176485750,0.0045166705,0.0,1.59013475310741E-06,0.03869592921686880,-1.6338839754576800,65535,0.0064344048,0.008268981533690520,62887752,421944.06
0,0.03917871324939370,0.012385642578634800,0.008827400541026510,0.00867190313898422,0.22040769756580900,0.1269821658177630,0.0395773693519754,0.0011596857,0.2642252,0.007701813591723890,0.0051270314,0.0,1.59004352903165E-06,0.026008342004370700,-1.426083253948480,65535,0.008172478,0.009001529136566770,62891360,484377.53
0,0.38516840259133700,0.35966327072596200,0.3179762489287840,0.020546593480089900,0.5209861937876080,0.21210749911477900,0.06264257339073000,0.0012817578,0.34137484,0.009249020548768730,0.0053101396,0.0,1.58640632533199E-06,0.07253208360050400,-1.6024591568470200,65535,0.013785349,0.01006928865756740,63035553,583017.1
0,0.05827098247925020,0.04454203465237100,0.03596159254959480,0.017494941729798400,0.18083331791500700,0.08060523832390480,0.022401778999806700,0.0019531548,0.29150835,0.010744760372288000,0.0060425727,0.0,1.58558339376652E-06,0.05356893495840200,-1.363054097008580,65535,0.013710542,0.010801835899220000,63068269,677653.44
0,0.46146971195005600,0.41418407332267000,0.3693802504373750,0.36691044730281400,0.855892502674719,0.21807612215865800,0.09350708971151740,0.024597542,1.0,0.13567068929687500,0.03445487,0.0,1.8324133773280000,0.45179291022614800,-1.3175844950494300,65535,0.22311206,0.07029205298157680,33068248,4486392.0
0,0.41278253327745000,0.274479811391469,0.21498467361618800,0.07768432076196230,0.03380729846464390,0.028461161170408900,0.02341030519611170,0.018036164,0.95819026,0.04700215653986770,0.02169833,0.0,3.02142188113726E-06,0.06561017614889570,-4.725641669383010,65535,0.06042624,0.020596425751807700,33097000,1555630.4
0,0.33961773281463700,0.292375619061827,0.25731354144870200,0.6894982799084170,0.3531979328887690,0.16045412235728200,0.07286797974897090,6.103609E-05,1.0,0.1252884645210800,6.103609E-05,0.0,8.038255201664130,38.355876744729900,-1.0189414653675800,65535,0.29391527,0.03818066969063610,33108491,4148112.0
0,0.42980243282963300,0.37005919626670200,0.33031928666679700,0.577465914358468,1.7078377806727600,0.2504621824691500,0.15451863358848200,0.03369192,1.0,0.25419583194642700,0.03607233,0.0,17.32358922531080,0.5626591673610000,-1.2267224439010000,65535,0.3831311,0.07837800355194510,33137290,8423361.0
0,0.45899508179367200,0.29465604835700800,0.18442282066657700,0.11646494585064300,0.15129756356909100,0.08740110230661460,0.05020834244501430,0.012664988,0.98455787,0.04490594440025570,0.016510261,0.0,3.02352291759319E-06,0.10029327869948400,-4.030871905265360,65535,0.072318524,0.023251868101052100,33074001,1485219.2
0,0.6761398277701560,0.49550550287525600,0.36934908518003500,0.05635363745462140,0.006147379736176460,0.011408919317645100,0.014796490415272500,0.023529412,0.72156864,0.04188364706149270,0.02745098,0.0,3.02510077366952E-06,14.400151255038700,-4.103672576554920,255,0.048582878,0.013584711554667300,33056750,1384537.2
0,0.38032607411407500,0.3052841326252010,0.25522983515064800,0.07678790167882870,0.3089137169467520,0.2587162229749450,0.20064865387835000,0.015686275,1.0,0.03761545476578700,0.019607844,0.0,0.0007619279825670880,16.575743260747000,-1.5702492986548600,255,0.053743947,0.017537787739216800,33073992,1244093.2
0,0.8651682162876170,0.754864314004764,0.6039855416885150,0.041347724095726100,0.0014091448713758500,0.003451846847197240,0.0068480870637109800,0.027450982,0.43529412,0.03929188893210140,0.03137255,0.0,9.65344028701609E-05,13.60399608987400,-3.2862676920238300,255,0.040306702,0.013584712506009700,33148804,1302479.1
0,0.3001797427408220,0.1003630680462140,0.01189928218821110,0.046667006096496900,0.1304433623918110,0.08951455523443890,0.06965451612936310,0.007843137,0.9490196,0.017172224353989200,0.011764706,0.0,2.12199906134887E-05,17.848391776320000,-2.420978386883960,255,0.02830859,0.009605842042651450,32987762,566473.25
0,0.43099065239791400,0.35773482482884600,0.30227610095007200,0.2017145271694040,0.14194639515433300,0.09083969231913400,0.05465026989582150,0.019607844,1.0,0.06722549163630980,0.019607844,0.0,0.02857920691354880,16.565039442420900,-2.003828220158930,255,0.116448954,0.02541466963086730,33062499,2222642.8
0,0.3568371753064040,0.29207826651795900,0.23542994303360500,0.6316377302253520,0.3030829041056350,0.14259494191868300,0.06274282640348920,0.0,1.0,0.11792329970875400,0.0,0.0,6.230054670089640,51.373142235848300,-1.168224303701900,255,0.27291903,0.03507557554524050,33114268,3904943.8
0,0.334632777202622,0.12106799133190500,0.04266970404945830,0.03535566795535260,0.028414473034884100,0.02931845525736910,0.03186808595000270,0.011764707,0.74509805,0.0225995220625381,0.015686275,0.0,8.45997922229103E-05,18.404243670606100,-3.15744314374543,255,0.028266963,0.009605841710267490,33097008,747976.56
0,0.27846675098250900,0.1917569771407710,0.13008287350689700,0.08602691734021540,0.1358847655177510,0.07674244852784000,0.04211789106044020,0.011764706,1.0,0.03274381824278980,0.011764706,0.0,0.008886080001015550,17.961475820719400,-1.6062905245311100,255,0.053074002,0.017537787739216800,33085455,1083344.1
0,0.27627379995735900,0.1798672640622890,0.14981576459222000,0.08242860236395330,0.04623067052051280,0.030642530179757900,0.021688703141986100,0.014282445,0.8171664,0.046160660712641700,0.018127719,0.0,3.02352438026443E-06,0.14970073911565200,-2.585177645121610,65535,0.061684348,0.02250328649479160,33073985,1526717.0
0,0.38441225290680300,0.1877409139786610,0.14491222352046000,0.043051248405419000,0.01891868604430010,0.017745362532693200,0.014910689984771600,0.01608301,0.6680247,0.033130408345167200,0.020202946,0.0,3.02142188113726E-06,0.0016950176753180000,-5.0440322133430600,65535,0.03776646,0.014402447467157000,33097000,1096517.1
0,0.206411368934632,0.09977930579025880,0.06985309705265370,0.05206353771490350,0.1483841231795220,0.05142729748161520,0.02028508585164410,0.0071717403,0.64614326,0.02517576149359680,0.011047532,0.0,3.01984667392879E-06,0.10445951629787100,-3.5714226737521700,65535,0.036204133,0.015608716852370100,33114264,833676.8
0,0.46645736956158100,0.3145191880525000,0.2557324004596120,0.05820656046011060,0.011106615861877400,0.013661762844531900,0.0122959746170105,0.035614558,0.7622339,0.056342934527296800,0.040283818,0.0,3.02299836697628E-06,0.02657215564572150,-4.924647604468410,65535,0.057267167,0.019447060668863600,33079740,1863809.6
0,0.24250083000922700,0.10621676074510100,0.07894115262670670,0.051440217468472800,0.06540679139672840,0.03830949818442700,0.023346450708683100,0.013824674,0.86257726,0.032192413639837300,0.018036164,0.0,3.02773771071541E-06,0.1005632803237020,-4.17151144072552,65535,0.04069379,0.01501376022602470,33027960,1063249.8
0,0.6610012801052470,0.4466476931576120,0.3243989128729160,0.044405287247395600,0.004834328505055670,0.008898633514898600,0.010035623773484000,0.039917603,0.61980623,0.053200973465745200,0.04559396,0.00012207218,3.02826399921023E-06,0.002940444343233130,-5.599012924322040,65535,0.048604574,0.017414550085231300,33022220,1756814.2
0,0.4791033276905130,0.4052531300636110,0.37535527892116500,0.3675872054595900,0.46666219710576600,0.29009449243212800,0.22292237631965400,0.036316473,1.0,0.13692137122683500,0.04043641,0.0,0.9006798910816430,0.5298313123304210,-1.371650324419520,65535,0.2243447,0.035879047447562600,32993520,4517518.0
1,0.3055517996903450,0.24059724292724400,0.20325097615283200,0.2929286831491650,7.692866765961010,2.7775007500832300,0.14823481840840500,0.0081940945,1.0,0.06165641646376300,0.012680247,0.0,0.12066524156160100,0.45736809408694300,-1.3857432282979000,65535,0.13439097,0.03920639360094820,33056744,2038160.4
1,0.22123506753948100,0.15639853808901100,0.11444879867403100,0.19023639703832800,4.92013459672425,2.275160250280390,0.15944449030039500,0.006271458,1.0,0.04075448249007510,0.010360876,0.0,0.01739131066108220,0.4740122876007910,-1.4465453364005900,65535,0.08805104,0.028290423628382700,33056738,1347210.2
1,0.16369207056160300,0.10364642920501500,0.07610449605551480,0.1218144406737160,3.577399574735920,1.7976704769757200,0.14739301688019300,0.0034637982,1.0,0.024864670957914100,0.0071869995,0.0,0.0020903450140159000,0.4851475995336990,-1.3469002557575100,65535,0.055035226,0.01996980916685010,33056744,821945.06
1,0.2078686602358660,0.10683175609424400,0.081179986034264,0.08918847992337510,1.6221704700433600,0.7961686612303760,0.09124688703603810,0.0033722438,1.0,0.02329397998758930,0.006958114,0.0,0.000657018188049808,0.48525183401177300,-1.7831644324382900,65535,0.0455802,0.018390950098483900,33028005,769353.7
1,0.16376324221160300,0.09303226363558960,0.06513403180781160,0.10302577647401100,2.174282242432580,1.341539958005620,0.11867793012727900,0.0037842374,1.0,0.023177962700626700,0.007614252,0.0,0.0005177423960900090,0.47969287157735900,-1.3538644026418600,65535,0.048866425,0.019291700503489800,33028008,765521.94
1,0.154360935987446,0.0921068094540896,0.07089359908334440,0.10912640635048200,2.086994286738270,1.3828254041911800,0.11856158863346200,0.0038300143,1.0,0.02372427132674530,0.00764477,0.0,0.0008777372538930670,0.4685482528488630,-1.3308836721198100,65535,0.050881673,0.019490375462800200,33039500,783838.06
1,0.13672724610819700,0.07389171968872240,0.05616760192157870,0.08121753543997890,1.3879349667454000,0.9231951523259310,0.1134742182426530,0.0037232013,1.0,0.020575906555185600,0.0074769207,0.0,0.00025410861872907600,0.507355083216035,-1.5041147498645700,65535,0.04087939,0.016752398312682800,33056730,680172.2
1,0.08926751995882640,0.04650208505277070,0.03293073696988690,0.08343969603658680,1.764702699337140,1.0802123864997200,0.14092941820282400,0.0028992142,1.0,0.01855775591045920,0.0065461206,0.0,0.0003146105946690810,0.48515676289656900,-1.2986020550752000,65535,0.039350394,0.015119721997631700,33056738,613458.9
1,0.1200401342213670,0.03658663851460130,0.026064498684939800,0.05572688641794420,0.6148331510943300,0.46069665581516700,0.09540559736750370,0.0032349126,1.0,0.01703132689970220,0.00686656,0.0,7.87210732225577E-05,0.47968685968165500,-1.6938256371008100,65535,0.030807512,0.01383098747739550,33028005,562510.75
1,0.11588275056041700,0.03924361939318050,0.03362422501869840,0.05952838204874470,0.8099603103679680,0.5936330619941540,0.11189420904871900,0.0037842377,1.0,0.01785381729259060,0.007522698,0.0,4.5400198665216E-05,0.49637247872645100,-1.6171031008052500,65535,0.03260075,0.014075353599389900,33039503,589881.25
1,0.12932250707271100,0.05112730624928150,0.04144375436462690,0.05730691711204540,0.8778573049624780,0.5500221383899760,0.13725848221142300,0.0026855879,1.0,0.016810219045357100,0.006210422,0.0,9.39578096700893E-05,0.4353550265549020,-1.7751884923280900,65535,0.03103775,0.013685429405096200,32993532,554628.5
1,0.1260577162059990,0.044264065033633300,0.02232593762538160,0.06760442109471450,1.1678182471927100,0.7270361914375840,0.14468998293036100,0.002609293,1.0,0.017379751867692100,0.006149386,0.0,4.24325656362837E-05,0.44089860414135200,-1.5758308570363200,65535,0.034277514,0.01383777882927190,32993527,573419.3
1,0.0962342675203665,0.045159292743073000,0.03175895529981590,0.09306530449749510,2.3242980283271300,1.2600505299074500,0.14374558557910500,0.0023651486,1.0,0.018791289028673300,0.0059357597,0.0,0.0005116871618569130,0.451928762368334,-1.2757164288494000,65535,0.041818857,0.015393326450401200,33027993,620638.56
1,0.17289737994492700,0.11092073459227700,0.08284204972327330,0.1261274897036510,4.1727223159233800,2.091408350969700,0.15652154922122100,0.0033417258,1.0,0.025473524133383100,0.007080186,0.0,0.0014076515214260900,0.4574806900483340,-1.32377960838635,65535,0.05668255,0.02041957134476980,33033744,841485.9
1,0.14548314565101700,0.08797941295885630,0.06355323657457700,0.10247441304375000,2.6677219119020600,1.431159070066130,0.1481220875265880,0.0028534369,1.0,0.020721324164368400,0.0065613794,0.0,0.0007235023909180900,0.4852733358733620,-1.2678489136773500,65535,0.046080425,0.017178381016990600,33033754,684503.1
1,0.10541107906821200,0.04992698895936400,0.038956462511551300,0.098236048480014,2.4576000000405100,1.3483731705742300,0.12908715940879100,0.002761883,1.0,0.020336755323410600,0.006347753,0.0,0.0011739435839021100,0.45742651234189900,-1.226958188821830,65535,0.04469678,0.016217466615500700,33050992,672149.94
1,0.12031026702612600,0.06519836212930340,0.05091161791524160,0.085814903686417,1.9315061398997300,1.1526882304696700,0.14055696478865400,0.002716106,1.0,0.01946666818807850,0.006286717,0.0,8.47470759837441E-05,0.468545396345125,-1.392352768003810,65535,0.040872123,0.015805688710042800,33039488,643168.75
1,0.11901871841911500,0.0481868753565375,0.030838480204783200,0.06962678338412740,1.1236408014325800,0.6945618807819820,0.11184090149591500,0.0027771422,1.0,0.018306427500908300,0.0063019763,0.0,0.00029066246820879300,0.4630253118566070,-1.6098995310131400,65535,0.03570179,0.014478751912905200,33028000,604624.7
1,0.10181746549587700,0.03672270708142610,0.024349665693686200,0.06507154667851760,0.9130018396268300,0.6126035242333690,0.09979660415634180,0.0027466242,1.0,0.01723895947882080,0.006210422,0.0,9.99499886602195E-05,0.44082185301706000,-1.5027747001426000,65535,0.033492774,0.01363989380020160,33016512,569170.3
1,0.1204271774854970,0.038927146527597600,0.025446458261883100,0.06766449131846760,0.8539748971828930,0.5924636466929480,0.11032426576663300,0.0030060275,1.0,0.01776612184230730,0.0065156026,0.0,0.00019687118978528100,0.4686170362272070,-1.4182391994840400,65535,0.03467183,0.013556075084006400,33016512,586575.4